Display Name,Family,Subfamily,Pref. Family,Pref. Subfamily,Version,Vendor ID,Styles,Width,Weight,Blocks,Characters,Glyphs
方正榜书行繁体 (Regular),方正榜书行繁体,Regular,,,Version 1.10,BDFZ,Regular,5 (Medium),400 (Normal),29,7814,7814
方正榜书行简体 (Regular),方正榜书行简体,Regular,,,Version 1.10,BDFZ,Regular,5 (Medium),400 (Normal),29,8104,8104
方正榜书楷繁体 (Regular),方正榜书楷繁体,Regular,,,Version 1.10,BDFZ,Regular,5 (Medium),400 (Normal),29,7814,7814
方正榜书楷简体 (Regular),方正榜书楷简体,Regular,,,Version 1.10,BDFZ,Regular,5 (Medium),400 (Normal),29,8104,8104
方正报宋_GBK (Regular),方正报宋_GBK,Regular,,,5.30,BDFZ,Regular,5 (Medium),400 (Normal),33,22001,22034
方正报宋繁体 (Regular),方正报宋繁体,Regular,,,5.30,BDFZ,Regular,5 (Medium),400 (Normal),29,7814,7822
方正报宋简体 (Regular),方正报宋简体,Regular,,,5.30,BDFZ,Regular,5 (Medium),400 (Normal),29,8104,8112
方正北魏楷书_GBK (Regular),方正北魏楷书_GBK,Regular,,,5.30,BDFZ,Regular,5 (Medium),400 (Normal),33,22001,22034
方正北魏楷书繁体 (Regular),方正北魏楷书繁体,Regular,,,5.30,BDFZ,Regular,5 (Medium),400 (Normal),29,7814,7822
方正北魏楷书简体 (Regular),方正北魏楷书简体,Regular,,,5.30,BDFZ,Regular,5 (Medium),400 (Normal),29,8104,8112
方正标雅宋_GBK (Regular),方正标雅宋_GBK,Regular,,,1.10,BDFZ,Regular,5 (Medium),400 (Normal),33,22001,22034
方正标雅宋繁体 (Regular),方正标雅宋繁体,Regular,,,1.10,BDFZ,Regular,5 (Medium),400 (Normal),29,7814,7822
方正标雅宋简体 (Regular),方正标雅宋简体,Regular,,,1.10,BDFZ,Regular,5 (Medium),400 (Normal),29,8104,8112
方正秉楠圆宋简体 (Regular),方正秉楠圆宋简体,Regular,,,1.06,BDFZ,Regular,5 (Medium),400 (Normal),29,8104,8113
方正博雅宋_GBK (Regular),方正博雅宋_GBK,Regular,,,1.10,BDFZ,Regular,5 (Medium),400 (Normal),33,22001,22034
方正博雅宋繁体 (Regular),方正博雅宋繁体,Regular,,,1.10,BDFZ,Regular,5 (Medium),400 (Normal),29,7814,7822
方正博雅宋简体 (Regular),方正博雅宋简体,Regular,,,1.10,BDFZ,Regular,5 (Medium),400 (Normal),29,8104,8112
方正彩云_GBK (Regular),方正彩云_GBK,Regular,,,5.30,BDFZ,Regular,5 (Medium),400 (Normal),33,10950,10983
方正彩云繁体 (Regular),方正彩云繁体,Regular,,,5.30,BDFZ,Regular,5 (Medium),400 (Normal),29,7814,7822
方正彩云简体 (Regular),方正彩云简体,Regular,,,5.30,BDFZ,Regular,5 (Medium),400 (Normal),29,8104,8112
方正藏意汉体简体 (Regular),方正藏意汉体简体,Regular,,,1.10,BDFZ,Regular,5 (Medium),400 (Normal),29,8104,8112
方正超粗黑_GBK (Regular),方正超粗黑_GBK,Regular,,,5.30,BDFZ,Regular,5 (Medium),400 (Normal),33,22001,22034
方正超粗黑繁体 (Regular),方正超粗黑繁体,Regular,,,5.30,BDFZ,Regular,5 (Medium),400 (Normal),29,7799,7807
方正超粗黑简体 (Regular),方正超粗黑简体,Regular,,,5.30,BDFZ,Regular,5 (Medium),400 (Normal),29,8089,8097
方正粗等线_GBK (Regular),方正粗等线_GBK,Regular,,,Version 1.10,BDFZ,Regular,5 (Medium),400 (Normal),33,22001,22034
方正粗等线繁体 (Regular),方正粗等线繁体,Regular,,,1.10,BDFZ,Regular,5 (Medium),400 (Normal),29,7814,7822
方正粗等线简体 (Regular),方正粗等线简体,Regular,,,1.10,BDFZ,Regular,5 (Medium),400 (Normal),29,8104,8112
方正粗黑繁体 (Regular),方正粗黑繁体,Regular,,,5.30,BDFZ,Regular,5 (Medium),400 (Normal),29,7799,7807
方正粗黑宋繁体 (Regular),方正粗黑宋繁体,Regular,,,1.10,BDFZ,Regular,5 (Medium),400 (Normal),29,7814,7822
方正粗黑宋简体 (Regular),方正粗黑宋简体,Regular,,,1.10,BDFZ,Regular,5 (Medium),400 (Normal),29,8104,8112
方正粗活意_GBK (Regular),方正粗活意_GBK,Regular,,,5.30,BDFZ,Regular,5 (Medium),400 (Normal),33,10639,10672
方正粗活意繁体 (Regular),方正粗活意繁体,Regular,,,5.30,BDFZ,Regular,5 (Medium),400 (Normal),29,7814,7822
方正粗活意简体 (Regular),方正粗活意简体,Regular,,,5.30,BDFZ,Regular,5 (Medium),400 (Normal),29,8104,8112
方正粗金陵繁体 (Regular),方正粗金陵繁体,Regular,,,1.00,BDFZ,Regular,5 (Medium),400 (Normal),29,7814,7822
方正粗金陵简体 (Regular),方正粗金陵简体,Regular,,,1.00,BDFZ,Regular,5 (Medium),400 (Normal),29,8104,8112
方正粗楷简体 (Regular),方正粗楷简体,Regular,,,1.10,BDFZ,Regular,5 (Medium),400 (Normal),29,8104,8112
方正粗倩_GBK (Regular),方正粗倩_GBK,Regular,,,5.30,BDFZ,Regular,5 (Medium),400 (Normal),33,10639,10672
方正粗倩繁体 (Regular),方正粗倩繁体,Regular,,,5.30,BDFZ,Regular,5 (Medium),400 (Normal),29,7799,7807
方正粗倩简体 (Regular),方正粗倩简体,Regular,,,5.30,BDFZ,Regular,5 (Medium),400 (Normal),29,8089,8097
方正粗宋_GBK (Regular),方正粗宋_GBK,Regular,,,5.30,BDFZ,Regular,5 (Medium),400 (Normal),33,10639,10672
方正粗宋繁体 (Regular),方正粗宋繁体,Regular,,,5.30,BDFZ,Regular,5 (Medium),400 (Normal),29,7814,7822
方正粗宋简体 (Regular),方正粗宋简体,Regular,,,5.30,BDFZ,Regular,5 (Medium),400 (Normal),29,8104,8112
方正粗谭黑繁体 (Regular),方正粗谭黑繁体,Regular,,,1.10,BDFZ,Regular,5 (Medium),400 (Normal),29,7799,7807
方正粗谭黑简体 (Regular),方正粗谭黑简体,Regular,,,1.10,BDFZ,Regular,5 (Medium),400 (Normal),29,8089,8097
方正粗雅宋_GBK (Regular),方正粗雅宋_GBK,Regular,,,1.10,BDFZ,Regular,5 (Medium),400 (Normal),33,22001,22034
方正粗雅宋繁体 (Regular),方正粗雅宋繁体,Regular,,,1.10,BDFZ,Regular,5 (Medium),400 (Normal),29,7814,7822
方正粗雅宋简体 (Regular),方正粗雅宋简体,Regular,,,1.10,BDFZ,Regular,5 (Medium),400 (Normal),29,8104,8112
方正粗圆_GBK (Regular),方正粗圆_GBK,Regular,,,5.30,BDFZ,Regular,5 (Medium),400 (Normal),33,22001,22034
方正粗圆繁体 (Regular),方正粗圆繁体,Regular,,,5.30,BDFZ,Regular,5 (Medium),400 (Normal),29,7799,7807
方正粗圆简体 (Regular),方正粗圆简体,Regular,,,5.30,BDFZ,Regular,5 (Medium),400 (Normal),29,8089,8097
方正粗圆宋简体 (Regular),方正粗圆宋简体,Regular,,,1.10,BDFZ,Regular,5 (Medium),400 (Normal),32,8268,8269
方正大标宋_GBK (Regular),方正大标宋_GBK,Regular,,,5.30,BDFZ,Regular,5 (Medium),400 (Normal),33,16802,16835
方正大标宋繁体 (Regular),方正大标宋繁体,Regular,,,5.30,BDFZ,Regular,5 (Medium),400 (Normal),29,7814,7822
方正大标宋简体 (Regular),方正大标宋简体,Regular,,,5.30,BDFZ,Regular,5 (Medium),400 (Normal),29,8104,8112
方正大草简体 (Regular),方正大草简体,Regular,,,1.02,BDFZ,Regular,5 (Medium),400 (Normal),29,8104,8112
方正大黑_GBK (Regular),方正大黑_GBK,Regular,,,5.30,BDFZ,Regular,5 (Medium),400 (Normal),33,22001,22034
方正大黑繁体 (Regular),方正大黑繁体,Regular,,,5.30,BDFZ,Regular,5 (Medium),400 (Normal),29,7799,7807
方正大黑简体 (Regular),方正大黑简体,Regular,,,5.30,BDFZ,Regular,5 (Medium),400 (Normal),29,8089,8097
方正大魏体简体 (Regular),方正大魏体简体,Regular,,,1.10,BDFZ,Regular,5 (Medium),400 (Normal),29,7696,7704
方正大雅宋_GBK (Regular),方正大雅宋_GBK,Regular,,,1.10,BDFZ,Regular,5 (Medium),400 (Normal),33,22001,22034
方正大雅宋繁体 (Regular),方正大雅宋繁体,Regular,,,1.10,BDFZ,Regular,5 (Medium),400 (Normal),29,7814,7822
方正大雅宋简体 (Regular),方正大雅宋简体,Regular,,,1.10,BDFZ,Regular,5 (Medium),400 (Normal),29,8104,8112
方正德赛黑515简体 (Regular),方正德赛黑515简体,Regular,,,1.02,BDFZ,Regular,5 (Medium),400 (Normal),29,7696,7704
方正方魅简体 (Regular),方正方魅简体,Regular,,,1.10,BDFZ,Regular,5 (Medium),400 (Normal),29,7711,7758
方正仿宋_GBK (Regular),方正仿宋_GBK,Regular,,,5.30,BDFZ,Regular,5 (Medium),400 (Normal),33,22001,22034
方正仿宋繁体 (Regular),方正仿宋繁体,Regular,,,5.30,BDFZ,Regular,5 (Medium),400 (Normal),29,7814,7822
方正仿宋简体 (Regular),方正仿宋简体,Regular,,,5.30,BDFZ,Regular,5 (Medium),400 (Normal),29,8104,8112
方正粉丝天下简体 (Regular),方正粉丝天下简体,Regular,,,Version 1.00,BDFZ,Regular,5 (Medium),400 (Normal),29,7711,7711
方正工业黑简体 (Regular),方正工业黑简体,Regular,,,1.00,BDFZ,Regular,5 (Medium),400 (Normal),29,8104,8112
方正古仿繁体 (Regular),方正古仿繁体,Regular,,,1.00,BDFZ,Regular,5 (Medium),400 (Normal),29,7814,7822
方正古仿简体 (Regular),方正古仿简体,Regular,,,1.00,BDFZ,Regular,5 (Medium),400 (Normal),29,8104,8112
方正古隶_GBK (Regular),方正古隶_GBK,Regular,,,5.30,BDFZ,Regular,5 (Medium),400 (Normal),33,10639,10672
方正古隶繁体 (Regular),方正古隶繁体,Regular,,,5.30,BDFZ,Regular,5 (Medium),400 (Normal),29,7814,7822
方正古隶简体 (Regular),方正古隶简体,Regular,,,5.30,BDFZ,Regular,5 (Medium),400 (Normal),29,8104,8112
方正汉简简体 (Regular),方正汉简简体,Regular,,,1.10,BDFZ,Regular,5 (Medium),400 (Normal),29,8104,8112
方正汉真广标简体 (Regular),方正汉真广标简体,Regular,,,1.10,BDFZ,Regular,5 (Medium),400 (Normal),29,7696,7704
方正行黑简体 (Regular),方正行黑简体,Regular,,,1.10,BDFZ,Regular,5 (Medium),400 (Normal),29,8089,8097
方正行楷_GBK (Regular),方正行楷_GBK,Regular,,,5.30,BDFZ,Regular,5 (Medium),400 (Normal),33,11200,11233
方正行楷繁体 (Regular),方正行楷繁体,Regular,,,5.30,BDFZ,Regular,5 (Medium),400 (Normal),29,7814,7822
方正行楷简体 (Regular),方正行楷简体,Regular,,,5.30,BDFZ,Regular,5 (Medium),400 (Normal),29,8104,8112
方正豪体繁体 (Regular),方正豪体繁体,Regular,,,1.10,BDFZ,Regular,5 (Medium),400 (Normal),29,7814,7822
方正豪体简体 (Regular),方正豪体简体,Regular,,,1.10,BDFZ,Regular,5 (Medium),400 (Normal),29,8104,8112
方正郝刚青铜体简体 (Regular),方正郝刚青铜体简体,Regular,,,1.10,BDFZ,Regular,5 (Medium),400 (Normal),29,7711,7719
方正黑隶简体 (Regular),方正黑隶简体,Regular,,,1.10,BDFZ,Regular,5 (Medium),400 (Normal),29,8104,8112
方正黑隶简体_粗 (Regular),方正黑隶简体_粗,Regular,,,1.10,BDFZ,Regular,5 (Medium),400 (Normal),29,8104,8112
方正黑隶简体_大 (Regular),方正黑隶简体_大,Regular,,,1.10,BDFZ,Regular,5 (Medium),400 (Normal),29,8104,8112
方正黑隶简体_纤 (Regular),方正黑隶简体_纤,Regular,,,1.10,BDFZ,Regular,5 (Medium),400 (Normal),29,8104,8112
方正黑隶简体_中 (Regular),方正黑隶简体_中,Regular,,,1.10,BDFZ,Regular,5 (Medium),400 (Normal),29,8104,8112
方正黑隶简体_准 (Regular),方正黑隶简体_准,Regular,,,1.10,BDFZ,Regular,5 (Medium),400 (Normal),29,8104,8112
方正黑体_GBK (Regular),方正黑体_GBK,Regular,,,5.30,BDFZ,Regular,5 (Medium),400 (Normal),33,22001,22034
方正黑体繁体 (Regular),方正黑体繁体,Regular,,,5.30,BDFZ,Regular,5 (Medium),400 (Normal),29,7799,7807
方正黑体简体 (Regular),方正黑体简体,Regular,,,5.30,BDFZ,Regular,5 (Medium),400 (Normal),29,8089,8097
方正琥珀_GBK (Regular),方正琥珀_GBK,Regular,,,5.30,BDFZ,Regular,5 (Medium),400 (Normal),33,10991,11024
方正琥珀繁体 (Regular),方正琥珀繁体,Regular,,,5.30,BDFZ,Regular,5 (Medium),400 (Normal),29,7799,7807
方正琥珀简体 (Regular),方正琥珀简体,Regular,,,5.30,BDFZ,Regular,5 (Medium),400 (Normal),29,8089,8097
方正华隶_GBK (Regular),方正华隶_GBK,Regular,,,5.30,BDFZ,Regular,5 (Medium),400 (Normal),33,10639,10672
方正华隶繁体 (Regular),方正华隶繁体,Regular,,,5.30,BDFZ,Regular,5 (Medium),400 (Normal),29,7799,7807
方正华隶简体 (Regular),方正华隶简体,Regular,,,5.30,BDFZ,Regular,5 (Medium),400 (Normal),29,8089,8097
方正黄草_GBK (Regular),方正黄草_GBK,Regular,,,5.30,BDFZ,Regular,5 (Medium),400 (Normal),33,10328,10361
方正黄草简体 (Regular),方正黄草简体,Regular,,,5.30,BDFZ,Regular,5 (Medium),400 (Normal),29,8104,8112
方正基础像素 (Regular),方正基础像素,Regular,,,Version 1.00,BDFZ,Regular,5 (Medium),400 (Normal),13,7031,7083
方正寂地简体 (Regular),方正寂地简体,Regular,,,Version 1.10,BDFZ,Regular,5 (Medium),400 (Normal),30,7730,7732
方正剪纸_GBK (Regular),方正剪纸_GBK,Regular,,,5.30,BDFZ,Regular,5 (Medium),400 (Normal),33,10666,10699
方正剪纸繁体 (Regular),方正剪纸繁体,Regular,,,5.30,BDFZ,Regular,5 (Medium),400 (Normal),29,7799,7807
方正剪纸简体 (Regular),方正剪纸简体,Regular,,,5.30,BDFZ,Regular,5 (Medium),400 (Normal),29,8089,8097
方正剑体简体 (Regular),方正剑体简体,Regular,,,1.10,BDFZ,Regular,5 (Medium),400 (Normal),29,8104,8112
方正经黑简体 (Regular),方正经黑简体,Regular,,,1.10,BDFZ,Regular,5 (Medium),400 (Normal),29,8089,8097
方正经黑手写简体 (Regular),方正经黑手写简体,Regular,,,1.10,BDFZ,Regular,5 (Medium),400 (Normal),29,8104,8112
方正静蕾简体 (Regular),方正静蕾简体,Regular,,,1.10,BDFZ,Regular,5 (Medium),400 (Normal),29,7711,7719
方正俊黑简体 (Regular),方正俊黑简体,Regular,,,1.10,BDFZ,Regular,5 (Medium),400 (Normal),29,8104,8112
方正俊黑简体_粗 (Regular),方正俊黑简体_粗,Regular,,,1.10,BDFZ,Regular,5 (Medium),400 (Normal),29,8104,8112
方正俊黑简体_细 (Regular),方正俊黑简体_细,Regular,,,1.10,BDFZ,Regular,5 (Medium),400 (Normal),29,8104,8112
方正俊黑简体_纤 (Regular),方正俊黑简体_纤,Regular,,,1.10,BDFZ,Regular,5 (Medium),400 (Normal),29,8104,8112
方正俊黑简体_中 (Regular),方正俊黑简体_中,Regular,,,1.10,BDFZ,Regular,5 (Medium),400 (Normal),29,8104,8112
方正俊黑简体_准 (Regular),方正俊黑简体_准,Regular,,,1.10,BDFZ,Regular,5 (Medium),400 (Normal),29,8104,8112
方正卡通_GBK (Regular),方正卡通_GBK,Regular,,,5.30,BDFZ,Regular,5 (Medium),400 (Normal),33,22001,22034
方正卡通繁体 (Regular),方正卡通繁体,Regular,,,5.30,BDFZ,Regular,5 (Medium),400 (Normal),29,7799,7807
方正卡通简体 (Regular),方正卡通简体,Regular,,,5.30,BDFZ,Regular,5 (Medium),400 (Normal),29,8089,8097
方正楷体_GBK (Regular),方正楷体_GBK,Regular,,,5.30,BDFZ,Regular,5 (Medium),400 (Normal),33,22001,22034
方正楷体繁体 (Regular),方正楷体繁体,Regular,,,5.30,BDFZ,Regular,5 (Medium),400 (Normal),29,7814,7822
方正楷体简体 (Regular),方正楷体简体,Regular,,,5.30,BDFZ,Regular,5 (Medium),400 (Normal),29,8104,8112
方正康体_GBK (Regular),方正康体_GBK,Regular,,,5.30,BDFZ,Regular,5 (Medium),400 (Normal),33,10642,10675
方正康体繁体 (Regular),方正康体繁体,Regular,,,5.30,BDFZ,Regular,5 (Medium),400 (Normal),29,7814,7822
方正康体简体 (Regular),方正康体简体,Regular,,,5.30,BDFZ,Regular,5 (Medium),400 (Normal),29,8104,8112
方正刻本仿宋简体 (Regular),方正刻本仿宋简体,Regular,,,1.10,BDFZ,Regular,5 (Medium),400 (Normal),29,8104,8112
方正兰亭超细黑_GBK (Regular),方正兰亭超细黑_GBK,Regular,,,1.10,BDFZ,Regular,5 (Medium),400 (Normal),33,22001,22034
方正兰亭超细黑繁体 (Regular),方正兰亭超细黑繁体,Regular,,,1.10,BDFZ,Regular,5 (Medium),400 (Normal),29,7799,7807
方正兰亭超细黑简体 (Regular),方正兰亭超细黑简体,Regular,,,1.10,BDFZ,Regular,5 (Medium),400 (Normal),29,8089,8097
方正兰亭粗黑_GBK (Regular),方正兰亭粗黑_GBK,Regular,,,1.10,BDFZ,Regular,5 (Medium),400 (Normal),33,22001,22034
方正兰亭粗黑繁体 (Regular),方正兰亭粗黑繁体,Regular,,,1.10,BDFZ,Regular,5 (Medium),400 (Normal),29,7799,7807
方正兰亭粗黑简体 (Regular),方正兰亭粗黑简体,Regular,,,1.10,BDFZ,Regular,5 (Medium),400 (Normal),29,8089,8097
方正兰亭大黑_GBK (Regular),方正兰亭大黑_GBK,Regular,,,1.10,BDFZ,Regular,5 (Medium),400 (Normal),33,22001,22034
方正兰亭大黑繁体 (Regular),方正兰亭大黑繁体,Regular,,,1.10,BDFZ,Regular,5 (Medium),400 (Normal),29,7799,7807
方正兰亭大黑简体 (Regular),方正兰亭大黑简体,Regular,,,1.10,BDFZ,Regular,5 (Medium),400 (Normal),29,8089,8097
方正兰亭黑_GBK (Regular),方正兰亭黑_GBK,Regular,,,1.10,BDFZ,Regular,5 (Medium),400 (Normal),33,22001,22034
方正兰亭黑繁体 (Regular),方正兰亭黑繁体,Regular,,,1.10,BDFZ,Regular,5 (Medium),400 (Normal),29,7799,7807
方正兰亭黑简体 (Regular),方正兰亭黑简体,Regular,,,1.10,BDFZ,Regular,5 (Medium),400 (Normal),29,8089,8097
方正兰亭宋_GBK (Regular),方正兰亭宋_GBK,Regular,,,1.10,BDFZ,Regular,5 (Medium),400 (Normal),33,22001,22034
方正兰亭宋繁体 (Regular),方正兰亭宋繁体,Regular,,,1.10,BDFZ,Regular,5 (Medium),400 (Normal),29,7814,7822
方正兰亭宋简体 (Regular),方正兰亭宋简体,Regular,,,1.10,BDFZ,Regular,5 (Medium),400 (Normal),29,8104,8112
方正兰亭特黑_GBK (Regular),方正兰亭特黑_GBK,Regular,,,1.10,BDFZ,Regular,5 (Medium),400 (Normal),33,22001,22034
方正兰亭特黑繁体 (Regular),方正兰亭特黑繁体,Regular,,,1.10,BDFZ,Regular,5 (Medium),400 (Normal),29,7799,7807
方正兰亭特黑简体 (Regular),方正兰亭特黑简体,Regular,,,1.10,BDFZ,Regular,5 (Medium),400 (Normal),29,8089,8097
方正兰亭细黑_GBK (Regular),方正兰亭细黑_GBK,Regular,,,1.10,BDFZ,Regular,5 (Medium),400 (Normal),33,22001,22034
方正兰亭细黑繁体 (Regular),方正兰亭细黑繁体,Regular,,,1.10,BDFZ,Regular,5 (Medium),400 (Normal),29,7799,7807
方正兰亭细黑简体 (Regular),方正兰亭细黑简体,Regular,,,1.10,BDFZ,Regular,5 (Medium),400 (Normal),29,8089,8097
方正兰亭纤黑_GBK (Regular),方正兰亭纤黑_GBK,Regular,,,1.10,BDFZ,Regular,5 (Medium),400 (Normal),33,22001,22034
方正兰亭纤黑繁体 (Regular),方正兰亭纤黑繁体,Regular,,,1.10,BDFZ,Regular,5 (Medium),400 (Normal),29,7799,7807
方正兰亭纤黑简体 (Regular),方正兰亭纤黑简体,Regular,,,1.10,BDFZ,Regular,5 (Medium),400 (Normal),29,8089,8097
方正兰亭圆_GBK (Regular),方正兰亭圆_GBK,Regular,,,1.00,BDFZ,Regular,5 (Medium),400 (Normal),33,22001,22034
方正兰亭圆_GBK_粗 (Regular),方正兰亭圆_GBK_粗,Regular,,,1.00,BDFZ,Regular,5 (Medium),400 (Normal),33,22001,22034
方正兰亭圆_GBK_大 (Regular),方正兰亭圆_GBK_大,Regular,,,1.00,BDFZ,Regular,5 (Medium),400 (Normal),33,22001,22034
方正兰亭圆_GBK_特 (Regular),方正兰亭圆_GBK_特,Regular,,,1.00,BDFZ,Regular,5 (Medium),400 (Normal),33,22001,22034
方正兰亭圆_GBK_细 (Regular),方正兰亭圆_GBK_细,Regular,,,1.00,BDFZ,Regular,5 (Medium),400 (Normal),33,22001,22034
方正兰亭圆_GBK_纤 (Regular),方正兰亭圆_GBK_纤,Regular,,,1.00,BDFZ,Regular,5 (Medium),400 (Normal),33,22001,22034
方正兰亭圆_GBK_中 (Regular),方正兰亭圆_GBK_中,Regular,,,1.00,BDFZ,Regular,5 (Medium),400 (Normal),33,22001,22034
方正兰亭圆_GBK_中粗 (Regular),方正兰亭圆_GBK_中粗,Regular,,,1.00,BDFZ,Regular,5 (Medium),400 (Normal),33,22001,22034
方正兰亭圆_GBK_准 (Regular),方正兰亭圆_GBK_准,Regular,,,1.00,BDFZ,Regular,5 (Medium),400 (Normal),33,22001,22034
方正兰亭圆繁体 (Regular),方正兰亭圆繁体,Regular,,,1.00,BDFZ,Regular,5 (Medium),400 (Normal),29,7814,7822
方正兰亭圆繁体_粗 (Regular),方正兰亭圆繁体_粗,Regular,,,1.00,BDFZ,Regular,5 (Medium),400 (Normal),29,7814,7822
方正兰亭圆繁体_大 (Regular),方正兰亭圆繁体_大,Regular,,,1.00,BDFZ,Regular,5 (Medium),400 (Normal),29,7814,7822
方正兰亭圆繁体_特 (Regular),方正兰亭圆繁体_特,Regular,,,1.00,BDFZ,Regular,5 (Medium),400 (Normal),29,7814,7822
方正兰亭圆繁体_细 (Regular),方正兰亭圆繁体_细,Regular,,,1.00,BDFZ,Regular,5 (Medium),400 (Normal),29,7814,7822
方正兰亭圆繁体_纤 (Regular),方正兰亭圆繁体_纤,Regular,,,1.00,BDFZ,Regular,5 (Medium),400 (Normal),29,7814,7822
方正兰亭圆繁体_中 (Regular),方正兰亭圆繁体_中,Regular,,,1.00,BDFZ,Regular,5 (Medium),400 (Normal),29,7814,7822
方正兰亭圆繁体_中粗 (Regular),方正兰亭圆繁体_中粗,Regular,,,1.00,BDFZ,Regular,5 (Medium),400 (Normal),29,7814,7822
方正兰亭圆繁体_准 (Regular),方正兰亭圆繁体_准,Regular,,,1.00,BDFZ,Regular,5 (Medium),400 (Normal),29,7814,7822
方正兰亭圆简体 (Regular),方正兰亭圆简体,Regular,,,1.00,BDFZ,Regular,5 (Medium),400 (Normal),29,8104,8112
方正兰亭圆简体_粗 (Regular),方正兰亭圆简体_粗,Regular,,,1.00,BDFZ,Regular,5 (Medium),400 (Normal),29,8104,8112
方正兰亭圆简体_大 (Regular),方正兰亭圆简体_大,Regular,,,1.00,BDFZ,Regular,5 (Medium),400 (Normal),29,8104,8112
方正兰亭圆简体_特 (Regular),方正兰亭圆简体_特,Regular,,,1.00,BDFZ,Regular,5 (Medium),400 (Normal),29,8104,8112
方正兰亭圆简体_细 (Regular),方正兰亭圆简体_细,Regular,,,1.00,BDFZ,Regular,5 (Medium),400 (Normal),29,8104,8112
方正兰亭圆简体_纤 (Regular),方正兰亭圆简体_纤,Regular,,,1.00,BDFZ,Regular,5 (Medium),400 (Normal),29,8104,8112
方正兰亭圆简体_中 (Regular),方正兰亭圆简体_中,Regular,,,1.00,BDFZ,Regular,5 (Medium),400 (Normal),29,8104,8112
方正兰亭圆简体_中粗 (Regular),方正兰亭圆简体_中粗,Regular,,,1.00,BDFZ,Regular,5 (Medium),400 (Normal),29,8104,8112
方正兰亭圆简体_准 (Regular),方正兰亭圆简体_准,Regular,,,1.00,BDFZ,Regular,5 (Medium),400 (Normal),29,8104,8112
方正兰亭中粗黑_GBK (Regular),方正兰亭中粗黑_GBK,Regular,,,1.10,BDFZ,Regular,5 (Medium),400 (Normal),33,22001,22034
方正兰亭中粗黑繁体 (Regular),方正兰亭中粗黑繁体,Regular,,,1.10,BDFZ,Regular,5 (Medium),400 (Normal),29,7799,7807
方正兰亭中粗黑简体 (Regular),方正兰亭中粗黑简体,Regular,,,1.10,BDFZ,Regular,5 (Medium),400 (Normal),29,8089,8097
方正兰亭中黑_GBK (Regular),方正兰亭中黑_GBK,Regular,,,1.10,BDFZ,Regular,5 (Medium),400 (Normal),33,22001,22034
方正兰亭中黑繁体 (Regular),方正兰亭中黑繁体,Regular,,,1.10,BDFZ,Regular,5 (Medium),400 (Normal),29,7799,7807
方正兰亭中黑简体 (Regular),方正兰亭中黑简体,Regular,,,1.10,BDFZ,Regular,5 (Medium),400 (Normal),29,8089,8097
方正兰亭准黑_GBK (Regular),方正兰亭准黑_GBK,Regular,,,1.10,BDFZ,Regular,5 (Medium),400 (Normal),33,22001,22034
方正兰亭准黑繁体 (Regular),方正兰亭准黑繁体,Regular,,,1.10,BDFZ,Regular,5 (Medium),400 (Normal),29,7799,7807
方正兰亭准黑简体 (Regular),方正兰亭准黑简体,Regular,,,1.10,BDFZ,Regular,5 (Medium),400 (Normal),29,8089,8097
方正蘭亭超細黑_BIG5 (Regular),方正蘭亭超細黑_BIG5,Regular,,,1.00,BDFZ,Regular,5 (Medium),400 (Normal),34,18695,18711
方正蘭亭粗黑_BIG5 (Regular),方正蘭亭粗黑_BIG5,Regular,,,1.10,BDFZ,Regular,5 (Medium),400 (Normal),34,18699,18715
方正蘭亭大黑_BIG5 (Regular),方正蘭亭大黑_BIG5,Regular,,,1.10,BDFZ,Regular,5 (Medium),400 (Normal),33,18657,18673
方正蘭亭黑_BIG5 (Regular),方正蘭亭黑_BIG5,Regular,,,1.10,BDFZ,Regular,5 (Medium),400 (Normal),34,18699,18715
方正蘭亭特黑_BIG5 (Regular),方正蘭亭特黑_BIG5,Regular,,,1.00,BDFZ,Regular,5 (Medium),400 (Normal),33,18661,18677
方正蘭亭細黑_BIG5 (Regular),方正蘭亭細黑_BIG5,Regular,,,1.10,BDFZ,Regular,5 (Medium),400 (Normal),34,18699,18715
方正蘭亭纖黑_BIG5 (Regular),方正蘭亭纖黑_BIG5,Regular,,,1.10,BDFZ,Regular,5 (Medium),400 (Normal),34,18693,18709
方正蘭亭中粗黑_BIG5 (Regular),方正蘭亭中粗黑_BIG5,Regular,,,1.10,BDFZ,Regular,5 (Medium),400 (Normal),34,18699,18715
方正蘭亭中黑_BIG5 (Regular),方正蘭亭中黑_BIG5,Regular,,,1.10,BDFZ,Regular,5 (Medium),400 (Normal),34,18699,18715
方正蘭亭准黑_BIG5 (Regular),方正蘭亭准黑_BIG5,Regular,,,1.10,BDFZ,Regular,5 (Medium),400 (Normal),34,18699,18715
方正隶变_GBK (Regular),方正隶变_GBK,Regular,,,5.30,BDFZ,Regular,5 (Medium),400 (Normal),33,22001,22034
方正隶变繁体 (Regular),方正隶变繁体,Regular,,,5.30,BDFZ,Regular,5 (Medium),400 (Normal),29,7814,7822
方正隶变简体 (Regular),方正隶变简体,Regular,,,5.30,BDFZ,Regular,5 (Medium),400 (Normal),29,8104,8112
方正隶二_GBK (Regular),方正隶二_GBK,Regular,,,5.30,BDFZ,Regular,5 (Medium),400 (Normal),33,10583,10616
方正隶二繁体 (Regular),方正隶二繁体,Regular,,,5.30,BDFZ,Regular,5 (Medium),400 (Normal),29,7814,7822
方正隶二简体 (Regular),方正隶二简体,Regular,,,5.30,BDFZ,Regular,5 (Medium),400 (Normal),29,8104,8112
方正隶书_GBK (Regular),方正隶书_GBK,Regular,,,5.30,BDFZ,Regular,5 (Medium),400 (Normal),33,22001,22034
方正隶书繁体 (Regular),方正隶书繁体,Regular,,,5.30,BDFZ,Regular,5 (Medium),400 (Normal),29,7799,7807
方正隶书简体 (Regular),方正隶书简体,Regular,,,5.30,BDFZ,Regular,5 (Medium),400 (Normal),29,8089,8097
方正流行体_GBK (Regular),方正流行体_GBK,Regular,,,5.30,BDFZ,Regular,5 (Medium),400 (Normal),33,10639,10672
方正流行体繁体 (Regular),方正流行体繁体,Regular,,,5.30,BDFZ,Regular,5 (Medium),400 (Normal),29,7799,7807
方正流行体简体 (Regular),方正流行体简体,Regular,,,5.30,BDFZ,Regular,5 (Medium),400 (Normal),29,8089,8097
方正龙爪繁体 (Regular),方正龙爪繁体,Regular,,,1.00,BDFZ,Regular,5 (Medium),400 (Normal),29,7814,7822
方正龙爪简体 (Regular),方正龙爪简体,Regular,,,1.00,BDFZ,Regular,5 (Medium),400 (Normal),29,8104,8112
方正鲁迅繁体 (Regular),方正鲁迅繁体,Regular,,,Version 1.10,BDFZ,Regular,5 (Medium),400 (Normal),32,7924,7947
方正鲁迅简体 (Regular),方正鲁迅简体,Regular,,,Version 1.21,BDFZ,Regular,5 (Medium),400 (Normal),32,8214,8237
方正鲁迅体简繁 (Regular),方正鲁迅体简繁,Regular,,,Version 1.21,BDFZ,Regular,5 (Medium),400 (Normal),32,10451,10476
方正美黑_GBK (Regular),方正美黑_GBK,Regular,,,5.30,BDFZ,Regular,5 (Medium),400 (Normal),33,10639,10672
方正美黑繁体 (Regular),方正美黑繁体,Regular,,,5.30,BDFZ,Regular,5 (Medium),400 (Normal),29,7799,7807
方正美黑简体 (Regular),方正美黑简体,Regular,,,5.30,BDFZ,Regular,5 (Medium),400 (Normal),29,8089,8097
方正喵呜_GBK (Regular),方正喵呜_GBK,Regular,,,1.20,BDFZ,Regular,5 (Medium),400 (Normal),33,22001,22034
方正喵呜繁体 (Regular),方正喵呜繁体,Regular,,,1.10,BDFZ,Regular,5 (Medium),400 (Normal),29,7814,7822
方正喵呜简体 (Regular),方正喵呜简体,Regular,,,1.10,BDFZ,Regular,5 (Medium),400 (Normal),29,8104,8112
方正明尚简体 (Regular),方正明尚简体,Regular,,,1.10,BDFZ,Regular,5 (Medium),400 (Normal),29,8104,8112
方正呐喊简体 (Regular),方正呐喊简体,Regular,,,Version 1.20,BDFZ,Regular,5 (Medium),400 (Normal),29,7727,7735
方正胖头鱼简体 (Regular),方正胖头鱼简体,Regular,,,5.30,BDFZ,Regular,5 (Medium),400 (Normal),29,8089,8097
方正胖娃_GBK (Regular),方正胖娃_GBK,Regular,,,5.30,BDFZ,Regular,5 (Medium),400 (Normal),33,10641,10674
方正胖娃繁体 (Regular),方正胖娃繁体,Regular,,,5.30,BDFZ,Regular,5 (Medium),400 (Normal),29,7799,7807
方正胖娃简体 (Regular),方正胖娃简体,Regular,,,5.30,BDFZ,Regular,5 (Medium),400 (Normal),29,8089,8097
方正咆哮简体 (Regular),方正咆哮简体,Regular,,,Version 1.10,BDFZ,Regular,5 (Medium),400 (Normal),29,7727,7735
方正品尚粗黑简体 (Regular),方正品尚粗黑简体,Regular,,,1.10,BDFZ,Regular,5 (Medium),400 (Normal),29,7696,7704
方正品尚黑简体 (Regular),方正品尚黑简体,Regular,,,1.10,BDFZ,Regular,5 (Medium),400 (Normal),29,7696,7704
方正品尚细黑简体 (Regular),方正品尚细黑简体,Regular,,,1.10,BDFZ,Regular,5 (Medium),400 (Normal),29,7696,7704
方正品尚纤黑简体 (Regular),方正品尚纤黑简体,Regular,,,1.10,BDFZ,Regular,5 (Medium),400 (Normal),29,7696,7704
方正品尚中黑简体 (Regular),方正品尚中黑简体,Regular,,,1.10,BDFZ,Regular,5 (Medium),400 (Normal),29,7696,7704
方正品尚准黑简体 (Regular),方正品尚准黑简体,Regular,,,1.10,BDFZ,Regular,5 (Medium),400 (Normal),29,7696,7704
方正平和_GBK (Regular),方正平和_GBK,Regular,,,5.30,BDFZ,Regular,5 (Medium),400 (Normal),33,10639,10672
方正平和繁体 (Regular),方正平和繁体,Regular,,,5.30,BDFZ,Regular,5 (Medium),400 (Normal),29,7799,7807
方正平和简体 (Regular),方正平和简体,Regular,,,5.30,BDFZ,Regular,5 (Medium),400 (Normal),29,8089,8097
方正平黑繁体 (Regular),方正平黑繁体,Regular,,,5.30,BDFZ,Regular,5 (Medium),400 (Normal),29,7799,7807
方正启笛繁体 (Regular),方正启笛繁体,Regular,,,1.20,BDFZ,Regular,5 (Medium),400 (Normal),29,7814,7822
方正启笛简体 (Regular),方正启笛简体,Regular,,,1.20,BDFZ,Regular,5 (Medium),400 (Normal),29,8104,8112
方正启体_GBK (Regular),方正启体_GBK,Regular,,,5.30,BDFZ,Regular,5 (Medium),400 (Normal),33,10640,10673
方正启体繁体 (Regular),方正启体繁体,Regular,,,5.30,BDFZ,Regular,5 (Medium),400 (Normal),29,7814,7822
方正启体简体 (Regular),方正启体简体,Regular,,,5.30,BDFZ,Regular,5 (Medium),400 (Normal),29,8104,8112
方正清刻本悦宋简体 (Regular),方正清刻本悦宋简体,Regular,,,1.10,BDFZ,Regular,5 (Medium),400 (Normal),29,8104,8112
方正趣宋简体 (Regular),方正趣宋简体,Regular,,,1.00,BDFZ,Regular,5 (Medium),400 (Normal),29,8104,8112
方正锐水云简体_大 (Regular),方正锐水云简体_大,Regular,,,Version 1.00,BDFZ,Regular,5 (Medium),400 (Normal),29,8104,8104
方正锐正黑简体 (Regular),方正锐正黑简体,Regular,,,1.00,BDFZ,Regular,5 (Medium),400 (Normal),29,8089,8097
方正锐正黑简体_粗 (Regular),方正锐正黑简体_粗,Regular,,,1.00,BDFZ,Regular,5 (Medium),400 (Normal),29,8089,8097
方正锐正黑简体_大 (Regular),方正锐正黑简体_大,Regular,,,1.00,BDFZ,Regular,5 (Medium),400 (Normal),29,8089,8097
方正锐正黑简体_纤 (Regular),方正锐正黑简体_纤,Regular,,,1.00,BDFZ,Regular,5 (Medium),400 (Normal),29,8089,8097
方正锐正黑简体_中 (Regular),方正锐正黑简体_中,Regular,,,1.00,BDFZ,Regular,5 (Medium),400 (Normal),29,8089,8097
方正锐正黑简体_准 (Regular),方正锐正黑简体_准,Regular,,,1.00,BDFZ,Regular,5 (Medium),400 (Normal),29,8089,8097
方正润扁宋简体 (Regular),方正润扁宋简体,Regular,,,1.10,BDFZ,Regular,5 (Medium),400 (Normal),29,8104,8112
方正莎儿硬笔繁体 (Regular),方正莎儿硬笔繁体,Regular,,,Version 1.10,BDFZ,Regular,5 (Medium),400 (Normal),29,7814,7814
方正莎儿硬笔简体 (Regular),方正莎儿硬笔简体,Regular,,,Version 1.10,BDFZ,Regular,5 (Medium),400 (Normal),29,8104,8104
方正尚酷简体 (Regular),方正尚酷简体,Regular,,,1.02,BDFZ,Regular,5 (Medium),400 (Normal),29,7696,7704
方正少儿_GBK (Regular),方正少儿_GBK,Regular,,,5.30,BDFZ,Regular,5 (Medium),400 (Normal),33,10639,10672
方正少儿繁体 (Regular),方正少儿繁体,Regular,,,5.30,BDFZ,Regular,5 (Medium),400 (Normal),29,7799,7807
方正少儿简体 (Regular),方正少儿简体,Regular,,,5.30,BDFZ,Regular,5 (Medium),400 (Normal),29,8089,8097
方正盛世楷书简体 (Regular),方正盛世楷书简体,Regular,,,1.10,BDFZ,Regular,5 (Medium),400 (Normal),29,8104,8112
方正盛世楷书简体_粗 (Regular),方正盛世楷书简体_粗,Regular,,,1.10,BDFZ,Regular,5 (Medium),400 (Normal),29,8104,8112
方正盛世楷书简体_大 (Regular),方正盛世楷书简体_大,Regular,,,1.10,BDFZ,Regular,5 (Medium),400 (Normal),29,8104,8112
方正盛世楷书简体_纤 (Regular),方正盛世楷书简体_纤,Regular,,,1.10,BDFZ,Regular,5 (Medium),400 (Normal),29,8104,8112
方正盛世楷书简体_中 (Regular),方正盛世楷书简体_中,Regular,,,1.10,BDFZ,Regular,5 (Medium),400 (Normal),29,8104,8112
方正盛世楷书简体_准 (Regular),方正盛世楷书简体_准,Regular,,,1.10,BDFZ,Regular,5 (Medium),400 (Normal),29,8104,8112
方正手绘简体 (Regular),方正手绘简体,Regular,,,1.20,BDFZ,Regular,5 (Medium),400 (Normal),29,7711,7719
方正手绘简体_粗 (Regular),方正手绘简体_粗,Regular,,,1.20,BDFZ,Regular,5 (Medium),400 (Normal),29,7711,7719
方正手绘简体_细 (Regular),方正手绘简体_细,Regular,,,1.20,BDFZ,Regular,5 (Medium),400 (Normal),29,7711,7719
方正手绘简体_准 (Regular),方正手绘简体_准,Regular,,,1.20,BDFZ,Regular,5 (Medium),400 (Normal),29,7711,7719
方正瘦金书_GBK (Regular),方正瘦金书_GBK,Regular,,,5.30,BDFZ,Regular,5 (Medium),400 (Normal),33,10604,10637
方正瘦金书繁体 (Regular),方正瘦金书繁体,Regular,,,5.30,BDFZ,Regular,5 (Medium),400 (Normal),29,7814,7822
方正瘦金书简体 (Regular),方正瘦金书简体,Regular,,,5.30,BDFZ,Regular,5 (Medium),400 (Normal),29,8104,8112
方正书宋_GBK (Regular),方正书宋_GBK,Regular,,,5.30,BDFZ,Regular,5 (Medium),400 (Normal),33,22001,22034
方正书宋繁体 (Regular),方正书宋繁体,Regular,,,5.30,BDFZ,Regular,5 (Medium),400 (Normal),29,7814,7822
方正书宋简体 (Regular),方正书宋简体,Regular,,,5.30,BDFZ,Regular,5 (Medium),400 (Normal),29,8104,8112
方正舒体_GBK (Regular),方正舒体_GBK,Regular,,,5.30,BDFZ,Regular,5 (Medium),400 (Normal),33,10885,10918
方正舒体繁体 (Regular),方正舒体繁体,Regular,,,5.30,BDFZ,Regular,5 (Medium),400 (Normal),29,7814,7822
方正舒体简体 (Regular),方正舒体简体,Regular,,,5.30,BDFZ,Regular,5 (Medium),400 (Normal),29,8104,8112
方正水黑_GBK (Regular),方正水黑_GBK,Regular,,,5.30,BDFZ,Regular,5 (Medium),400 (Normal),33,10639,10672
方正水黑繁体 (Regular),方正水黑繁体,Regular,,,5.30,BDFZ,Regular,5 (Medium),400 (Normal),29,7799,7807
方正水黑简体 (Regular),方正水黑简体,Regular,,,5.30,BDFZ,Regular,5 (Medium),400 (Normal),29,8089,8097
方正水云简体 (Regular),方正水云简体,Regular,,,Version 1.10,BDFZ,Regular,5 (Medium),400 (Normal),29,8104,8104
方正水云简体_粗 (Regular),方正水云简体_粗,Regular,,,Version 1.10,BDFZ,Regular,5 (Medium),400 (Normal),29,8104,8104
方正水云简体_大 (Regular),方正水云简体_大,Regular,,,Version 1.10,BDFZ,Regular,5 (Medium),400 (Normal),29,8104,8104
方正水云简体_纤 (Regular),方正水云简体_纤,Regular,,,Version 1.10,BDFZ,Regular,5 (Medium),400 (Normal),29,8104,8104
方正水云简体_中 (Regular),方正水云简体_中,Regular,,,Version 1.10,BDFZ,Regular,5 (Medium),400 (Normal),29,8104,8104
方正水云简体_准 (Regular),方正水云简体_准,Regular,,,Version 1.10,BDFZ,Regular,5 (Medium),400 (Normal),29,8104,8104
方正水柱_GBK (Regular),方正水柱_GBK,Regular,,,5.30,BDFZ,Regular,5 (Medium),400 (Normal),33,10889,10922
方正水柱繁体 (Regular),方正水柱繁体,Regular,,,5.30,BDFZ,Regular,5 (Medium),400 (Normal),29,7814,7822
方正水柱简体 (Regular),方正水柱简体,Regular,,,5.30,BDFZ,Regular,5 (Medium),400 (Normal),29,8104,8112
方正四岁半简体 (Regular),方正四岁半简体,Regular,,,Version 1.10,BDFZ,Regular,5 (Medium),400 (Normal),32,8154,8179
方正宋黑_GBK (Regular),方正宋黑_GBK,Regular,,,5.30,BDFZ,Regular,5 (Medium),400 (Normal),33,22001,22034
方正宋黑繁体 (Regular),方正宋黑繁体,Regular,,,5.30,BDFZ,Regular,5 (Medium),400 (Normal),29,7814,7822
方正宋黑简体 (Regular),方正宋黑简体,Regular,,,5.30,BDFZ,Regular,5 (Medium),400 (Normal),29,8104,8112
方正宋刻本秀楷繁体 (Regular),方正宋刻本秀楷繁体,Regular,,,1.10,BDFZ,Regular,5 (Medium),400 (Normal),29,7799,7807
方正宋刻本秀楷简体 (Regular),方正宋刻本秀楷简体,Regular,,,1.10,BDFZ,Regular,5 (Medium),400 (Normal),29,8089,8097
方正宋三简体 (Regular),方正宋三简体,Regular,,,5.30,BDFZ,Regular,5 (Medium),400 (Normal),29,8104,8112
方正宋一_GBK (Regular),方正宋一_GBK,Regular,,,5.30,BDFZ,Regular,5 (Medium),400 (Normal),33,22001,22034
方正宋一繁体 (Regular),方正宋一繁体,Regular,,,5.30,BDFZ,Regular,5 (Medium),400 (Normal),29,7814,7822
方正宋一简体 (Regular),方正宋一简体,Regular,,,5.30,BDFZ,Regular,5 (Medium),400 (Normal),29,8104,8112
方正苏新诗柳楷繁体 (Regular),方正苏新诗柳楷繁体,Regular,,,1.10,BDFZ,Regular,5 (Medium),400 (Normal),29,7814,7822
方正苏新诗柳楷简体 (Regular),方正苏新诗柳楷简体,Regular,,,1.10,BDFZ,Regular,5 (Medium),400 (Normal),29,8104,8112
方正苏新诗艺标简体 (Regular),方正苏新诗艺标简体,Regular,,,1.10,BDFZ,Regular,5 (Medium),400 (Normal),29,7696,7704
方正孙拥声简体 (Regular),方正孙拥声简体,Regular,,,1.10,BDFZ,Regular,5 (Medium),400 (Normal),29,7696,7704
方正淘乐繁体 (Regular),方正淘乐繁体,Regular,,,Version 1.11,BDFZ,Regular,5 (Medium),400 (Normal),29,7823,7834
方正淘乐简体 (Regular),方正淘乐简体,Regular,,,Version 1.11,BDFZ,Regular,5 (Medium),400 (Normal),29,7720,7731
方正特粗光辉繁体 (Regular),方正特粗光辉繁体,Regular,,,1.10,BDFZ,Regular,5 (Medium),400 (Normal),29,7814,7822
方正特粗光辉简体 (Regular),方正特粗光辉简体,Regular,,,1.10,BDFZ,Regular,5 (Medium),400 (Normal),29,8104,8112
方正特雅宋_GBK (Regular),方正特雅宋_GBK,Regular,,,1.10,BDFZ,Regular,5 (Medium),400 (Normal),33,22001,22034
方正特雅宋繁体 (Regular),方正特雅宋繁体,Regular,,,1.10,BDFZ,Regular,5 (Medium),400 (Normal),29,7814,7822
方正特雅宋简体 (Regular),方正特雅宋简体,Regular,,,1.10,BDFZ,Regular,5 (Medium),400 (Normal),29,8104,8112
方正铁筋隶书_GBK (Regular),方正铁筋隶书_GBK,Regular,,,5.30,BDFZ,Regular,5 (Medium),400 (Normal),33,10639,10672
方正铁筋隶书繁体 (Regular),方正铁筋隶书繁体,Regular,,,5.30,BDFZ,Regular,5 (Medium),400 (Normal),29,7814,7822
方正铁筋隶书简体 (Regular),方正铁筋隶书简体,Regular,,,5.30,BDFZ,Regular,5 (Medium),400 (Normal),29,8104,8112
方正魏碑_GBK (Regular),方正魏碑_GBK,Regular,,,5.30,BDFZ,Regular,5 (Medium),400 (Normal),33,22001,22034
方正魏碑繁体 (Regular),方正魏碑繁体,Regular,,,5.30,BDFZ,Regular,5 (Medium),400 (Normal),29,7814,7822
方正魏碑简体 (Regular),方正魏碑简体,Regular,,,5.30,BDFZ,Regular,5 (Medium),400 (Normal),29,8104,8112
方正细等线_GBK (Regular),方正细等线_GBK,Regular,,,5.30,BDFZ,Regular,5 (Medium),400 (Normal),33,22001,22034
方正细等线繁体 (Regular),方正细等线繁体,Regular,,,1.00,BDFZ,Regular,5 (Medium),400 (Normal),28,7790,7798
方正细等线简体 (Regular),方正细等线简体,Regular,,,5.30,BDFZ,Regular,5 (Medium),400 (Normal),29,8089,8097
方正细黑一_GBK (Regular),方正细黑一_GBK,Regular,,,5.30,BDFZ,Regular,5 (Medium),400 (Normal),33,22001,22034
方正细黑一繁体 (Regular),方正细黑一繁体,Regular,,,5.30,BDFZ,Regular,5 (Medium),400 (Normal),29,7799,7807
方正细黑一简体 (Regular),方正细黑一简体,Regular,,,5.30,BDFZ,Regular,5 (Medium),400 (Normal),29,8089,8097
方正细金陵繁体 (Regular),方正细金陵繁体,Regular,,,1.00,BDFZ,Regular,5 (Medium),400 (Normal),29,7814,7822
方正细金陵简体 (Regular),方正细金陵简体,Regular,,,1.00,BDFZ,Regular,5 (Medium),400 (Normal),29,8104,8112
方正细倩_GBK (Regular),方正细倩_GBK,Regular,,,5.30,BDFZ,Regular,5 (Medium),400 (Normal),33,10639,10672
方正细倩繁体 (Regular),方正细倩繁体,Regular,,,5.30,BDFZ,Regular,5 (Medium),400 (Normal),29,7814,7822
方正细倩简体 (Regular),方正细倩简体,Regular,,,5.30,BDFZ,Regular,5 (Medium),400 (Normal),29,8104,8112
方正细珊瑚_GBK (Regular),方正细珊瑚_GBK,Regular,,,5.30,BDFZ,Regular,5 (Medium),400 (Normal),33,10818,10851
方正细珊瑚繁体 (Regular),方正细珊瑚繁体,Regular,,,5.30,BDFZ,Regular,5 (Medium),400 (Normal),29,7814,7822
方正细珊瑚简体 (Regular),方正细珊瑚简体,Regular,,,5.30,BDFZ,Regular,5 (Medium),400 (Normal),29,8104,8112
方正细谭黑繁体 (Regular),方正细谭黑繁体,Regular,,,1.10,BDFZ,Regular,5 (Medium),400 (Normal),29,7799,7807
方正细谭黑简体 (Regular),方正细谭黑简体,Regular,,,1.10,BDFZ,Regular,5 (Medium),400 (Normal),29,8089,8097
方正细雅宋_GBK (Regular),方正细雅宋_GBK,Regular,,,1.10,BDFZ,Regular,5 (Medium),400 (Normal),33,22001,22034
方正细雅宋繁体 (Regular),方正细雅宋繁体,Regular,,,1.10,BDFZ,Regular,5 (Medium),400 (Normal),29,7814,7822
方正细雅宋简体 (Regular),方正细雅宋简体,Regular,,,1.10,BDFZ,Regular,5 (Medium),400 (Normal),29,8104,8112
方正细圆_GBK (Regular),方正细圆_GBK,Regular,,,5.30,BDFZ,Regular,5 (Medium),400 (Normal),33,22001,22034
方正细圆繁体 (Regular),方正细圆繁体,Regular,,,5.30,BDFZ,Regular,5 (Medium),400 (Normal),29,7799,7807
方正细圆简体 (Regular),方正细圆简体,Regular,,,5.30,BDFZ,Regular,5 (Medium),400 (Normal),29,8089,8097
方正纤雅宋_GBK (Regular),方正纤雅宋_GBK,Regular,,,1.10,BDFZ,Regular,5 (Medium),400 (Normal),33,22001,22034
方正纤雅宋繁体 (Regular),方正纤雅宋繁体,Regular,,,1.10,BDFZ,Regular,5 (Medium),400 (Normal),29,7814,7822
方正纤雅宋简体 (Regular),方正纤雅宋简体,Regular,,,1.10,BDFZ,Regular,5 (Medium),400 (Normal),29,8104,8112
方正显仁简体 (Regular),方正显仁简体,Regular,,,1.10,BDFZ,Regular,5 (Medium),400 (Normal),29,8104,8112
方正祥隶_GBK (Regular),方正祥隶_GBK,Regular,,,5.30,BDFZ,Regular,5 (Medium),400 (Normal),33,10639,10672
方正祥隶繁体 (Regular),方正祥隶繁体,Regular,,,5.30,BDFZ,Regular,5 (Medium),400 (Normal),29,7814,7822
方正祥隶简体 (Regular),方正祥隶简体,Regular,,,5.30,BDFZ,Regular,5 (Medium),400 (Normal),29,8104,8112
方正像素12 (Regular),方正像素12,Regular,,,Version 1.00,BDFZ,Regular,5 (Medium),400 (Normal),24,7540,7555
方正像素14 (Regular),方正像素14,Regular,,,Version 1.00,BDFZ,Regular,5 (Medium),400 (Normal),24,7540,7557
方正像素15 (Regular),方正像素15,Regular,,,Version 1.00,BDFZ,Regular,5 (Medium),400 (Normal),24,7540,7558
方正像素16 (Regular),方正像素16,Regular,,,Version 1.00,BDFZ,Regular,5 (Medium),400 (Normal),24,7540,7559
方正像素18 (Regular),方正像素18,Regular,,,Version 1.00,BDFZ,Regular,5 (Medium),400 (Normal),24,7540,7561
方正像素24 (Regular),方正像素24,Regular,,,Version 1.00,BDFZ,Regular,5 (Medium),400 (Normal),24,7540,7567
方正小标宋_GBK (Regular),方正小标宋_GBK,Regular,,,5.30,BDFZ,Regular,5 (Medium),400 (Normal),33,22001,22034
方正小标宋繁体 (Regular),方正小标宋繁体,Regular,,,5.30,BDFZ,Regular,5 (Medium),400 (Normal),29,7814,7822
方正小标宋简体 (Regular),方正小标宋简体,Regular,,,5.30,BDFZ,Regular,5 (Medium),400 (Normal),29,8104,8112
方正小篆体 (Regular),方正小篆体,Regular,,,5.30,BDFZ,Regular,5 (Medium),400 (Normal),29,7814,7822
方正新报宋简体 (Regular),方正新报宋简体,Regular,,,5.30,BDFZ,Regular,5 (Medium),400 (Normal),29,8104,8112
方正新楷体_GBK (Regular),方正新楷体_GBK,Regular,,,1.10,BDFZ,Regular,5 (Medium),400 (Normal),33,22001,22034
方正新楷体繁体 (Regular),方正新楷体繁体,Regular,,,1.10,BDFZ,Regular,5 (Medium),400 (Normal),29,7814,7822
方正新楷体简体 (Regular),方正新楷体简体,Regular,,,1.10,BDFZ,Regular,5 (Medium),400 (Normal),29,8104,8112
方正新书宋_GBK (Regular),方正新书宋_GBK,Regular,,,1.10,BDFZ,Regular,5 (Medium),400 (Normal),33,22001,22034
方正新书宋繁体 (Regular),方正新书宋繁体,Regular,,,5.30,BDFZ,Regular,5 (Medium),400 (Normal),29,7814,7822
方正新书宋简体 (Regular),方正新书宋简体,Regular,,,1.10,BDFZ,Regular,5 (Medium),400 (Normal),29,8104,8112
方正新舒体_GBK (Regular),方正新舒体_GBK,Regular,,,5.30,BDFZ,Regular,5 (Medium),400 (Normal),33,10639,10672
方正新舒体繁体 (Regular),方正新舒体繁体,Regular,,,5.30,BDFZ,Regular,5 (Medium),400 (Normal),29,7814,7822
方正新舒体简体 (Regular),方正新舒体简体,Regular,,,5.30,BDFZ,Regular,5 (Medium),400 (Normal),29,8104,8112
方正新秀丽繁体 (Regular),方正新秀丽繁体,Regular,,,5.30,BDFZ,Regular,5 (Medium),400 (Normal),29,7814,7822
方正悬针篆变简体 (Regular),方正悬针篆变简体,Regular,,,1.10,BDFZ,Regular,5 (Medium),400 (Normal),29,8104,8112
方正颜宋简体 (Regular),方正颜宋简体,Regular,,,1.10,BDFZ,Regular,5 (Medium),400 (Normal),29,8104,8112
方正颜宋简体_粗 (Regular),方正颜宋简体_粗,Regular,,,1.10,BDFZ,Regular,5 (Medium),400 (Normal),29,8104,8112
方正颜宋简体_大 (Regular),方正颜宋简体_大,Regular,,,1.10,BDFZ,Regular,5 (Medium),400 (Normal),29,8104,8112
方正颜宋简体_纤 (Regular),方正颜宋简体_纤,Regular,,,1.10,BDFZ,Regular,5 (Medium),400 (Normal),29,8104,8112
方正颜宋简体_中 (Regular),方正颜宋简体_中,Regular,,,1.10,BDFZ,Regular,5 (Medium),400 (Normal),29,8104,8112
方正颜宋简体_准 (Regular),方正颜宋简体_准,Regular,,,1.10,BDFZ,Regular,5 (Medium),400 (Normal),29,8104,8112
方正姚体_GBK (Regular),方正姚体_GBK,Regular,,,5.30,BDFZ,Regular,5 (Medium),400 (Normal),33,22001,22034
方正姚体繁体 (Regular),方正姚体繁体,Regular,,,5.30,BDFZ,Regular,5 (Medium),400 (Normal),29,7799,7807
方正姚体简体 (Regular),方正姚体简体,Regular,,,5.30,BDFZ,Regular,5 (Medium),400 (Normal),29,8089,8097
方正艺黑_GBK (Regular),方正艺黑_GBK,Regular,,,5.30,BDFZ,Regular,5 (Medium),400 (Normal),33,10644,10677
方正艺黑繁体 (Regular),方正艺黑繁体,Regular,,,5.30,BDFZ,Regular,5 (Medium),400 (Normal),29,7799,7807
方正艺黑简体 (Regular),方正艺黑简体,Regular,,,5.30,BDFZ,Regular,5 (Medium),400 (Normal),29,8089,8097
方正萤雪繁体 (Regular),方正萤雪繁体,Regular,,,1.00,BDFZ,Regular,5 (Medium),400 (Normal),29,7814,7822
方正萤雪简体 (Regular),方正萤雪简体,Regular,,,1.00,BDFZ,Regular,5 (Medium),400 (Normal),29,8104,8112
方正硬笔行书_GBK (Regular),方正硬笔行书_GBK,Regular,,,5.30,BDFZ,Regular,5 (Medium),400 (Normal),33,10639,10672
方正硬笔行书繁体 (Regular),方正硬笔行书繁体,Regular,,,5.30,BDFZ,Regular,5 (Medium),400 (Normal),29,7814,7822
方正硬笔行书简体 (Regular),方正硬笔行书简体,Regular,,,5.30,BDFZ,Regular,5 (Medium),400 (Normal),29,8104,8112
方正硬笔楷书_GBK (Regular),方正硬笔楷书_GBK,Regular,,,5.30,BDFZ,Regular,5 (Medium),400 (Normal),33,22001,22034
方正硬笔楷书繁体 (Regular),方正硬笔楷书繁体,Regular,,,5.30,BDFZ,Regular,5 (Medium),400 (Normal),29,7814,7822
方正硬笔楷书简体 (Regular),方正硬笔楷书简体,Regular,,,5.30,BDFZ,Regular,5 (Medium),400 (Normal),29,8104,8112
方正悠黑_GBK 503L (Regular),方正悠黑_GBK 503L,Regular,方正悠黑_GBK,503L,,BDFZ,Regular,5 (Medium),220,33,22002,22035
方正悠黑_GBK 504L (Regular),方正悠黑_GBK 504L,Regular,方正悠黑_GBK,504L,,BDFZ,Regular,5 (Medium),250,33,22002,22035
方正悠黑_GBK 506L (Regular),方正悠黑_GBK 506L,Regular,方正悠黑_GBK,506L,,BDFZ,Regular,5 (Medium),350,33,22002,22035
方正悠黑_GBK 508R (Regular),方正悠黑_GBK 508R,Regular,方正悠黑_GBK,508R,,BDFZ,Regular,5 (Medium),450,33,22002,22035
方正悠黑_GBK 509R (Regular),方正悠黑_GBK 509R,Regular,方正悠黑_GBK,509R,,BDFZ,Regular,5 (Medium),500 (Medium),33,22002,22035
方正悠黑_GBK 510M (Regular),方正悠黑_GBK 510M,Regular,方正悠黑_GBK,510M,,BDFZ,Regular,5 (Medium),550,33,22002,22035
方正悠黑_GBK 511M (Regular),方正悠黑_GBK 511M,Regular,方正悠黑_GBK,511M,,BDFZ,Regular,5 (Medium),600 (Semi-bold),33,22002,22035
方正悠黑_GBK 512B (Regular),方正悠黑_GBK 512B,Regular,方正悠黑_GBK,512B,,BDFZ,Bold,5 (Medium),700 (Bold),33,22002,22035
方正悠黑_GBK 513B (Regular),方正悠黑_GBK 513B,Regular,方正悠黑_GBK,513B,,BDFZ,Regular,5 (Medium),750,33,22002,22035
方正悠黑繁体 503L (Regular),方正悠黑繁体 503L,Regular,方正悠黑繁体,503L,,BDFZ,Regular,5 (Medium),220,29,7815,7823
方正悠黑繁体 504L (Regular),方正悠黑繁体 504L,Regular,方正悠黑繁体,504L,,BDFZ,Regular,5 (Medium),250,29,7815,7823
方正悠黑繁体 506L (Regular),方正悠黑繁体 506L,Regular,方正悠黑繁体,506L,,BDFZ,Regular,5 (Medium),350,29,7815,7823
方正悠黑繁体 508R (Regular),方正悠黑繁体 508R,Regular,方正悠黑繁体,508R,,BDFZ,Regular,5 (Medium),450,29,7815,7823
方正悠黑繁体 509R (Regular),方正悠黑繁体 509R,Regular,方正悠黑繁体,509R,,BDFZ,Regular,5 (Medium),500 (Medium),29,7815,7823
方正悠黑繁体 510M (Regular),方正悠黑繁体 510M,Regular,方正悠黑繁体,510M,,BDFZ,Regular,5 (Medium),550,29,7815,7823
方正悠黑繁体 511M (Regular),方正悠黑繁体 511M,Regular,方正悠黑繁体,511M,,BDFZ,Regular,5 (Medium),600 (Semi-bold),29,7815,7823
方正悠黑繁体 512B (Regular),方正悠黑繁体 512B,Regular,方正悠黑繁体,512B,,BDFZ,Bold,5 (Medium),700 (Bold),29,7815,7823
方正悠黑繁体 513B (Regular),方正悠黑繁体 513B,Regular,方正悠黑繁体,513B,,BDFZ,Regular,5 (Medium),750,29,7815,7823
方正悠黑简体 501L (Regular),方正悠黑简体 501L,Regular,方正悠黑简体,501L,,BDFZ,Regular,5 (Medium),100 (Thin),29,8105,8113
方正悠黑简体 502L (Regular),方正悠黑简体 502L,Regular,方正悠黑简体,502L,2.00,BDFZ,Regular,5 (Medium),150,29,8105,8113
方正悠黑简体 503L (Regular),方正悠黑简体 503L,Regular,方正悠黑简体,503L,,BDFZ,Regular,5 (Medium),220,29,8105,8113
方正悠黑简体 504L (Regular),方正悠黑简体 504L,Regular,方正悠黑简体,504L,,BDFZ,Regular,5 (Medium),250,29,8105,8113
方正悠黑简体 506L (Regular),方正悠黑简体 506L,Regular,方正悠黑简体,506L,,BDFZ,Regular,5 (Medium),350,29,8105,8113
方正悠黑简体 508R (Regular),方正悠黑简体 508R,Regular,方正悠黑简体,508R,,BDFZ,Regular,5 (Medium),450,29,8105,8113
方正悠黑简体 509R (Regular),方正悠黑简体 509R,Regular,方正悠黑简体,509R,,BDFZ,Regular,5 (Medium),500 (Medium),29,8105,8113
方正悠黑简体 510M (Regular),方正悠黑简体 510M,Regular,方正悠黑简体,510M,,BDFZ,Regular,5 (Medium),550,29,8105,8113
方正悠黑简体 511M (Regular),方正悠黑简体 511M,Regular,方正悠黑简体,511M,,BDFZ,Regular,5 (Medium),600 (Semi-bold),29,8105,8113
方正悠黑简体 512B (Regular),方正悠黑简体 512B,Regular,方正悠黑简体,512B,,BDFZ,Bold,5 (Medium),700 (Bold),29,8105,8113
方正悠黑简体 513B (Regular),方正悠黑简体 513B,Regular,方正悠黑简体,513B,,BDFZ,Regular,5 (Medium),750,29,8105,8113
方正有猫在简体 (Regular),方正有猫在简体,Regular,,,1.03,BDFZ,Regular,5 (Medium),400 (Normal),30,8197,8205
方正幼线_GBK (Regular),方正幼线_GBK,Regular,,,5.30,BDFZ,Regular,5 (Medium),400 (Normal),33,12081,12114
方正幼线繁体 (Regular),方正幼线繁体,Regular,,,5.30,BDFZ,Regular,5 (Medium),400 (Normal),29,7799,7807
方正幼线简体 (Regular),方正幼线简体,Regular,,,5.30,BDFZ,Regular,5 (Medium),400 (Normal),29,8089,8097
方正羽怒简体 (Regular),方正羽怒简体,Regular,,,Version 1.10,BDFZ,Regular,5 (Medium),400 (Normal),29,8105,8105
方正跃进繁体 (Regular),方正跃进繁体,Regular,,,1.00,BDFZ,Regular,5 (Medium),400 (Normal),29,7799,7807
方正跃进简体 (Regular),方正跃进简体,Regular,,,1.00,BDFZ,Regular,5 (Medium),400 (Normal),29,8089,8097
方正跃进体_GB18030 (Regular),方正跃进体_GB18030,Regular,,,1.00,BDFZ,Regular,5 (Medium),400 (Normal),36,28610,28643
方正跃进体_GBK (Regular),方正跃进体_GBK,Regular,,,1.00,BDFZ,Regular,5 (Medium),400 (Normal),33,22001,22034
方正韵动粗黑_GBK (Regular),方正韵动粗黑_GBK,Regular,,,1.10,BDFZ,Regular,5 (Medium),400 (Normal),33,22001,22034
方正韵动粗黑繁体 (Regular),方正韵动粗黑繁体,Regular,,,1.10,BDFZ,Regular,5 (Medium),400 (Normal),29,7799,7807
方正韵动粗黑简体 (Regular),方正韵动粗黑简体,Regular,,,1.10,BDFZ,Regular,5 (Medium),400 (Normal),29,8089,8097
方正韵动特黑_GBK (Regular),方正韵动特黑_GBK,Regular,,,1.10,BDFZ,Regular,5 (Medium),400 (Normal),33,22001,22034
方正韵动特黑繁体 (Regular),方正韵动特黑繁体,Regular,,,1.10,BDFZ,Regular,5 (Medium),400 (Normal),29,7799,7807
方正韵动特黑简体 (Regular),方正韵动特黑简体,Regular,,,1.10,BDFZ,Regular,5 (Medium),400 (Normal),29,8089,8097
方正韵动中黑_GBK (Regular),方正韵动中黑_GBK,Regular,,,1.10,BDFZ,Regular,5 (Medium),400 (Normal),33,22001,22034
方正韵动中黑繁体 (Regular),方正韵动中黑繁体,Regular,,,1.10,BDFZ,Regular,5 (Medium),400 (Normal),29,7799,7807
方正韵动中黑简体 (Regular),方正韵动中黑简体,Regular,,,1.10,BDFZ,Regular,5 (Medium),400 (Normal),29,8089,8097
方正毡笔黑_GBK (Regular),方正毡笔黑_GBK,Regular,,,5.30,BDFZ,Regular,5 (Medium),400 (Normal),33,10639,10672
方正毡笔黑繁体 (Regular),方正毡笔黑繁体,Regular,,,5.30,BDFZ,Regular,5 (Medium),400 (Normal),29,7799,7807
方正毡笔黑简体 (Regular),方正毡笔黑简体,Regular,,,5.30,BDFZ,Regular,5 (Medium),400 (Normal),29,8089,8097
方正章草繁体 (Regular),方正章草繁体,Regular,,,1.10,BDFZ,Regular,5 (Medium),400 (Normal),29,7814,7822
方正章草简体 (Regular),方正章草简体,Regular,,,1.10,BDFZ,Regular,5 (Medium),400 (Normal),29,7713,7721
方正正粗黑_GBK (Regular),方正正粗黑_GBK,Regular,,,1.10,BDFZ,Regular,5 (Medium),400 (Normal),33,22001,22034
方正正粗黑繁体 (Regular),方正正粗黑繁体,Regular,,,1.10,BDFZ,Regular,5 (Medium),400 (Normal),29,7799,7807
方正正粗黑简体 (Regular),方正正粗黑简体,Regular,,,1.10,BDFZ,Regular,5 (Medium),400 (Normal),29,8089,8097
方正正大黑_GBK (Regular),方正正大黑_GBK,Regular,,,1.10,BDFZ,Regular,5 (Medium),400 (Normal),33,22001,22034
方正正大黑繁体 (Regular),方正正大黑繁体,Regular,,,1.10,BDFZ,Regular,5 (Medium),400 (Normal),29,7799,7807
方正正大黑简体 (Regular),方正正大黑简体,Regular,,,1.10,BDFZ,Regular,5 (Medium),400 (Normal),29,8089,8097
方正正黑_GBK (Regular),方正正黑_GBK,Regular,,,1.10,BDFZ,Regular,5 (Medium),400 (Normal),33,22001,22034
方正正黑繁体 (Regular),方正正黑繁体,Regular,,,1.10,BDFZ,Regular,5 (Medium),400 (Normal),29,7799,7807
方正正黑简体 (Regular),方正正黑简体,Regular,,,1.10,BDFZ,Regular,5 (Medium),400 (Normal),29,8089,8097
方正正纤黑_GBK (Regular),方正正纤黑_GBK,Regular,,,1.10,BDFZ,Regular,5 (Medium),400 (Normal),33,22001,22034
方正正纤黑繁体 (Regular),方正正纤黑繁体,Regular,,,1.10,BDFZ,Regular,5 (Medium),400 (Normal),29,7799,7807
方正正纤黑简体 (Regular),方正正纤黑简体,Regular,,,1.10,BDFZ,Regular,5 (Medium),400 (Normal),29,8089,8097
方正正中黑_GBK (Regular),方正正中黑_GBK,Regular,,,1.10,BDFZ,Regular,5 (Medium),400 (Normal),33,22001,22034
方正正中黑繁体 (Regular),方正正中黑繁体,Regular,,,1.10,BDFZ,Regular,5 (Medium),400 (Normal),29,7799,7807
方正正中黑简体 (Regular),方正正中黑简体,Regular,,,1.10,BDFZ,Regular,5 (Medium),400 (Normal),29,8089,8097
方正正准黑_GBK (Regular),方正正准黑_GBK,Regular,,,1.10,BDFZ,Regular,5 (Medium),400 (Normal),33,22001,22034
方正正准黑繁体 (Regular),方正正准黑繁体,Regular,,,1.10,BDFZ,Regular,5 (Medium),400 (Normal),29,7799,7807
方正正准黑简体 (Regular),方正正准黑简体,Regular,,,1.10,BDFZ,Regular,5 (Medium),400 (Normal),29,8089,8097
方正稚艺_GBK (Regular),方正稚艺_GBK,Regular,,,5.30,BDFZ,Regular,5 (Medium),400 (Normal),33,10821,10854
方正稚艺繁体 (Regular),方正稚艺繁体,Regular,,,5.30,BDFZ,Regular,5 (Medium),400 (Normal),29,7799,7807
方正稚艺简体 (Regular),方正稚艺简体,Regular,,,5.30,BDFZ,Regular,5 (Medium),400 (Normal),29,8089,8097
方正中粗雅宋_GBK (Regular),方正中粗雅宋_GBK,Regular,,,1.10,BDFZ,Regular,5 (Medium),400 (Normal),33,22001,22034
方正中粗雅宋繁体 (Regular),方正中粗雅宋繁体,Regular,,,1.10,BDFZ,Regular,5 (Medium),400 (Normal),29,7814,7822
方正中粗雅宋简体 (Regular),方正中粗雅宋简体,Regular,,,1.10,BDFZ,Regular,5 (Medium),400 (Normal),29,8104,8112
方正中等线_GBK (Regular),方正中等线_GBK,Regular,,,5.30,BDFZ,Regular,5 (Medium),400 (Normal),33,22001,22034
方正中等线繁体 (Regular),方正中等线繁体,Regular,,,5.30,BDFZ,Regular,5 (Medium),400 (Normal),29,7799,7807
方正中等线简体 (Regular),方正中等线简体,Regular,,,5.30,BDFZ,Regular,5 (Medium),400 (Normal),29,8089,8097
方正中楷繁体 (Regular),方正中楷繁体,Regular,,,5.30,BDFZ,Regular,5 (Medium),400 (Normal),29,7814,7822
方正中倩_GBK (Regular),方正中倩_GBK,Regular,,,5.30,BDFZ,Regular,5 (Medium),400 (Normal),33,10639,10672
方正中倩繁体 (Regular),方正中倩繁体,Regular,,,5.30,BDFZ,Regular,5 (Medium),400 (Normal),29,7799,7807
方正中倩简体 (Regular),方正中倩简体,Regular,,,5.30,BDFZ,Regular,5 (Medium),400 (Normal),29,8089,8097
方正中雅宋_GBK (Regular),方正中雅宋_GBK,Regular,,,1.10,BDFZ,Regular,5 (Medium),400 (Normal),33,22001,22034
方正中雅宋繁体 (Regular),方正中雅宋繁体,Regular,,,1.10,BDFZ,Regular,5 (Medium),400 (Normal),29,7814,7822
方正中雅宋简体 (Regular),方正中雅宋简体,Regular,,,1.10,BDFZ,Regular,5 (Medium),400 (Normal),29,8104,8112
方正准雅宋_GBK (Regular),方正准雅宋_GBK,Regular,,,1.10,BDFZ,Regular,5 (Medium),400 (Normal),33,22001,22034
方正准雅宋繁体 (Regular),方正准雅宋繁体,Regular,,,1.10,BDFZ,Regular,5 (Medium),400 (Normal),29,7814,7822
方正准雅宋简体 (Regular),方正准雅宋简体,Regular,,,1.10,BDFZ,Regular,5 (Medium),400 (Normal),29,8104,8112
方正准圆_GBK (Regular),方正准圆_GBK,Regular,,,5.30,BDFZ,Regular,5 (Medium),400 (Normal),33,22001,22034
方正准圆繁体 (Regular),方正准圆繁体,Regular,,,5.30,BDFZ,Regular,5 (Medium),400 (Normal),29,7799,7807
方正准圆简体 (Regular),方正准圆简体,Regular,,,5.30,BDFZ,Regular,5 (Medium),400 (Normal),29,8089,8097
方正字迹-百乐硬笔简体 (Regular),方正字迹-百乐硬笔简体,Regular,,,Version 1.10,BDFZ,Regular,5 (Medium),400 (Normal),30,7723,7734
方正字迹-曾正国楷体繁体 (Regular),方正字迹-曾正国楷体繁体,Regular,,,Version 1.10,BDFZ,Regular,5 (Medium),400 (Normal),30,7814,7817
方正字迹-曾正国楷体简体 (Regular),方正字迹-曾正国楷体简体,Regular,,,Version 1.10,BDFZ,Regular,5 (Medium),400 (Normal),30,7710,7712
方正字迹-德年行书繁体 (Regular),方正字迹-德年行书繁体,Regular,,,Version 1.10,BDFZ,Regular,5 (Medium),400 (Normal),32,8154,8185
方正字迹-德年行书简体 (Regular),方正字迹-德年行书简体,Regular,,,Version 1.10,BDFZ,Regular,5 (Medium),400 (Normal),32,8154,8185
方正字迹-典雅楷体繁体 (Regular),方正字迹-典雅楷体繁体,Regular,,,Version 1.10,BDFZ,Regular,5 (Medium),400 (Normal),29,7814,7814
方正字迹-典雅楷体简体 (Regular),方正字迹-典雅楷体简体,Regular,,,Version 1.10,BDFZ,Regular,5 (Medium),400 (Normal),29,7711,7711
方正字迹-杜慧田草书繁体 (Regular),方正字迹-杜慧田草书繁体,Regular,,,Version 1.11,BDFZ,Regular,5 (Medium),400 (Normal),32,7864,7889
方正字迹-杜慧田草书简体 (Regular),方正字迹-杜慧田草书简体,Regular,,,Version 1.11,BDFZ,Regular,5 (Medium),400 (Normal),32,7761,7786
方正字迹-杜慧田毛笔楷书简体 (Regular),方正字迹-杜慧田毛笔楷书简体,Regular,,,Version 1.11,BDFZ,Regular,5 (Medium),400 (Normal),30,7727,7741
方正字迹-杜慧田硬笔楷书简体 (Regular),方正字迹-杜慧田硬笔楷书简体,Regular,,,Version 1.11,BDFZ,Regular,5 (Medium),400 (Normal),30,7727,7743
方正字迹-冯金城简体 (Regular),方正字迹-冯金城简体,Regular,,,Version 1.10,BDFZ,Regular,5 (Medium),400 (Normal),29,8062,8072
方正字迹-佛君包装简体 (Regular),方正字迹-佛君包装简体,Regular,,,Version 1.10,BDFZ,Regular,5 (Medium),400 (Normal),29,8104,8104
方正字迹-管峻楷书繁体 (Regular),方正字迹-管峻楷书繁体,Regular,,,Version 1.10,BDFZ,Regular,5 (Medium),400 (Normal),29,8104,8105
方正字迹-管峻楷书简体 (Regular),方正字迹-管峻楷书简体,Regular,,,Version 1.10,BDFZ,Regular,5 (Medium),400 (Normal),29,8104,8105
方正字迹-豪放行书繁体 (Regular),方正字迹-豪放行书繁体,Regular,,,Version 1.10,BDFZ,Regular,5 (Medium),400 (Normal),32,8154,8180
方正字迹-豪放行书简体 (Regular),方正字迹-豪放行书简体,Regular,,,Version 1.10,BDFZ,Regular,5 (Medium),400 (Normal),32,8154,8180
方正字迹-老潘硬笔简体 (Regular),方正字迹-老潘硬笔简体,Regular,,,Version 1.11,BDFZ,Regular,5 (Medium),400 (Normal),32,8154,8185
方正字迹-黎凡行书繁体 (Regular),方正字迹-黎凡行书繁体,Regular,,,Version 1.10,BDFZ,Regular,5 (Medium),400 (Normal),29,8089,8089
方正字迹-黎凡行书简体 (Regular),方正字迹-黎凡行书简体,Regular,,,Version 1.10,BDFZ,Regular,5 (Medium),400 (Normal),29,8089,8089
方正字迹-李太平根隶繁体 (Regular),方正字迹-李太平根隶繁体,Regular,,,Version 1.11,BDFZ,Regular,5 (Medium),400 (Normal),29,8089,8089
方正字迹-李太平根隶简体 (Regular),方正字迹-李太平根隶简体,Regular,,,Version 1.11,BDFZ,Regular,5 (Medium),400 (Normal),29,8089,8089
方正字迹-吕建德行楷繁体 (Regular),方正字迹-吕建德行楷繁体,Regular,,,Version 1.10,BDFZ,Regular,5 (Medium),400 (Normal),30,7827,7833
方正字迹-吕建德行楷简体 (Regular),方正字迹-吕建德行楷简体,Regular,,,Version 1.10,BDFZ,Regular,5 (Medium),400 (Normal),30,7724,7730
方正字迹-吕建德魏碑繁体 (Regular),方正字迹-吕建德魏碑繁体,Regular,,,Version 1.10,BDFZ,Regular,5 (Medium),400 (Normal),32,8154,8179
方正字迹-吕建德魏碑简体 (Regular),方正字迹-吕建德魏碑简体,Regular,,,Version 1.10,BDFZ,Regular,5 (Medium),400 (Normal),32,8154,8179
方正字迹-佩安硬笔繁体 (Regular),方正字迹-佩安硬笔繁体,Regular,,,Version 1.10,BDFZ,Regular,5 (Medium),400 (Normal),30,7815,7822
方正字迹-佩安硬笔简体 (Regular),方正字迹-佩安硬笔简体,Regular,,,Version 1.10,BDFZ,Regular,5 (Medium),400 (Normal),30,7712,7719
方正字迹-邱氏粗瘦金书简体 (Regular),方正字迹-邱氏粗瘦金书简体,Regular,,,Version 1.10,BDFZ,Regular,5 (Medium),400 (Normal),30,7727,7739
方正字迹-童佬繁体 (Regular),方正字迹-童佬繁体,Regular,,,Version 1.21,BDFZ,Regular,5 (Medium),400 (Normal),29,8106,8114
方正字迹-童佬简体 (Regular),方正字迹-童佬简体,Regular,,,Version 1.21,BDFZ,Regular,5 (Medium),400 (Normal),29,8106,8114
方正字迹-童体毛笔简体 (Regular),方正字迹-童体毛笔简体,Regular,,,Version 1.10,BDFZ,Regular,5 (Medium),400 (Normal),30,7725,7728
方正字迹-童体硬笔简体 (Regular),方正字迹-童体硬笔简体,Regular,,,Version 1.10,BDFZ,Regular,5 (Medium),400 (Normal),30,7724,7735
方正字迹-王伟钢笔行书繁体 (Regular),方正字迹-王伟钢笔行书繁体,Regular,,,Version 1.00,BDFZ,Regular,5 (Medium),400 (Normal),29,8104,8112
方正字迹-王伟钢笔行书简体 (Regular),方正字迹-王伟钢笔行书简体,Regular,,,Version 1.00,BDFZ,Regular,5 (Medium),400 (Normal),29,8104,8112
方正字迹-潇洒隶书繁体 (Regular),方正字迹-潇洒隶书繁体,Regular,,,Version 1.10,BDFZ,Regular,5 (Medium),400 (Normal),29,7814,7815
方正字迹-潇洒隶书简体 (Regular),方正字迹-潇洒隶书简体,Regular,,,Version 1.10,BDFZ,Regular,5 (Medium),400 (Normal),29,7711,7712
方正字迹-新手书 (Regular),方正字迹-新手书,Regular,,,Version 1.10,BDFZ,Regular,5 (Medium),400 (Normal),32,8162,8200
方正字迹-邢体草书繁体 (Regular),方正字迹-邢体草书繁体,Regular,,,Version 1.10,BDFZ,Regular,5 (Medium),400 (Normal),30,7830,7833
方正字迹-邢体草书简体 (Regular),方正字迹-邢体草书简体,Regular,,,Version 1.10,BDFZ,Regular,5 (Medium),400 (Normal),30,7727,7730
方正字迹-邢体隶二繁体 (Regular),方正字迹-邢体隶二繁体,Regular,,,Version 1.10,BDFZ,Regular,5 (Medium),400 (Normal),30,7829,7832
方正字迹-邢体隶二简体 (Regular),方正字迹-邢体隶二简体,Regular,,,Version 1.10,BDFZ,Regular,5 (Medium),400 (Normal),30,7726,7729
方正字迹-邢体隶一繁体 (Regular),方正字迹-邢体隶一繁体,Regular,,,Version 1.10,BDFZ,Regular,5 (Medium),400 (Normal),30,7830,7833
方正字迹-邢体隶一简体 (Regular),方正字迹-邢体隶一简体,Regular,,,Version 1.10,BDFZ,Regular,5 (Medium),400 (Normal),30,7727,7730
方正字迹-学贞简帛繁体 (Regular),方正字迹-学贞简帛繁体,Regular,,,Version 1.10,BDFZ,Regular,5 (Medium),400 (Normal),32,8154,8179
方正字迹-学贞简帛简体 (Regular),方正字迹-学贞简帛简体,Regular,,,Version 1.10,BDFZ,Regular,5 (Medium),400 (Normal),32,8154,8179
方正字迹-彦辰清酒繁体 (Regular),方正字迹-彦辰清酒繁体,Regular,,,Version 1.10,BDFZ,Regular,5 (Medium),400 (Normal),29,7814,7814
方正字迹-彦辰清酒简体 (Regular),方正字迹-彦辰清酒简体,Regular,,,Version 1.10,BDFZ,Regular,5 (Medium),400 (Normal),29,8104,8104
方正字迹-叶根友特楷简体 (Regular),方正字迹-叶根友特楷简体,Regular,,,Version 1.10,BDFZ,Regular,5 (Medium),400 (Normal),29,7711,7712
方正字迹-元童楷隶繁体 (Regular),方正字迹-元童楷隶繁体,Regular,,,Version 1.10,BDFZ,Regular,5 (Medium),400 (Normal),33,7865,7893
方正字迹-元童楷隶简体 (Regular),方正字迹-元童楷隶简体,Regular,,,Version 1.10,BDFZ,Regular,5 (Medium),400 (Normal),33,7762,7790
方正字迹-张爨繁体 (Regular),方正字迹-张爨繁体,Regular,,,Version 1.00,BDFZ,Regular,5 (Medium),400 (Normal),29,8104,8119
方正字迹-张爨简体 (Regular),方正字迹-张爨简体,Regular,,,Version 1.00,BDFZ,Regular,5 (Medium),400 (Normal),29,8104,8119
方正字迹-张颢硬笔楷体繁体 (Regular),方正字迹-张颢硬笔楷体繁体,Regular,,,Version 1.10,BDFZ,Regular,5 (Medium),400 (Normal),30,7815,7819
方正字迹-张颢硬笔楷体简体 (Regular),方正字迹-张颢硬笔楷体简体,Regular,,,Version 1.10,BDFZ,Regular,5 (Medium),400 (Normal),30,7712,7716
方正字迹-张乃仁行楷繁体 (Regular),方正字迹-张乃仁行楷繁体,Regular,,,Version 1.10,BDFZ,Regular,5 (Medium),400 (Normal),29,7822,7840
方正字迹-张乃仁行楷简体 (Regular),方正字迹-张乃仁行楷简体,Regular,,,Version 1.10,BDFZ,Regular,5 (Medium),400 (Normal),29,7719,7729
方正字迹-张士超魏碑繁体 (Regular),方正字迹-张士超魏碑繁体,Regular,,,Version 1.10,BDFZ,Regular,5 (Medium),400 (Normal),29,8089,8089
方正字迹-张士超魏碑简体 (Regular),方正字迹-张士超魏碑简体,Regular,,,Version 1.10,BDFZ,Regular,5 (Medium),400 (Normal),29,8089,8089
方正字迹-志勇魏碑简体 (Regular),方正字迹-志勇魏碑简体,Regular,,,Version 1.10,BDFZ,Regular,5 (Medium),400 (Normal),32,8154,8187
方正字迹-周崇谦小篆繁体 (Regular),方正字迹-周崇谦小篆繁体,Regular,,,Version 1.00,BDFZ,Regular,5 (Medium),400 (Normal),32,8154,8219
方正字迹-周崇谦小篆简体 (Regular),方正字迹-周崇谦小篆简体,Regular,,,Version 1.00,BDFZ,Regular,5 (Medium),400 (Normal),32,8154,8219
方正字迹-朱涛钢笔行书繁体 (Regular),方正字迹-朱涛钢笔行书繁体,Regular,,,Version 1.10,BDFZ,Regular,5 (Medium),400 (Normal),29,8104,8104
方正字迹-朱涛钢笔行书简体 (Regular),方正字迹-朱涛钢笔行书简体,Regular,,,Version 1.10,BDFZ,Regular,5 (Medium),400 (Normal),29,8104,8104
方正字迹-朱涛毛笔正楷繁体 (Regular),方正字迹-朱涛毛笔正楷繁体,Regular,,,Version 1.11,BDFZ,Regular,5 (Medium),400 (Normal),32,8154,8179
方正字迹-朱涛毛笔正楷简体 (Regular),方正字迹-朱涛毛笔正楷简体,Regular,,,Version 1.11,BDFZ,Regular,5 (Medium),400 (Normal),32,8154,8179
方正字迹-子实行楷简体 (Regular),方正字迹-子实行楷简体,Regular,,,Version 1.10,BDFZ,Regular,5 (Medium),400 (Normal),25,7623,7618
方正综艺_GBK (Regular),方正综艺_GBK,Regular,,,5.30,BDFZ,Regular,5 (Medium),400 (Normal),33,11013,11046
方正综艺繁体 (Regular),方正综艺繁体,Regular,,,5.30,BDFZ,Regular,5 (Medium),400 (Normal),29,7799,7807
方正综艺简体 (Regular),方正综艺简体,Regular,,,5.30,BDFZ,Regular,5 (Medium),400 (Normal),29,8089,8097
